month,ME,IA,ROE,MKT
1966-07,0.007081149492127188,0.0037794954458147496,-0.012276908405578012,-0.0162132828263225
1966-08,-0.019188503705363694,0.01456065620644105,0.01084780741962367,-0.0790782563637189
1966-09,-0.013383709451339598,0.02715305884903138,-0.0011508040376790162,-0.0105634926255541
1966-10,-0.01882068038832357,0.033928298919116764,0.010313655738764835,0.038633778465244
1966-11,0.018675743544287877,-0.036648351281006686,0.06850344495843935,0.0139718706288697
1966-12,0.023960273056145828,0.0016540433410554972,0.014979356870280708,0.0013712655669314
1967-01,0.07249516826833506,-0.014250577720522586,0.022687976408155855,0.081507768000804
1967-02,0.011862732686198228,-0.007929445623946745,0.02318777818864523,0.0077575289475833
1967-03,0.016387754572938958,-0.01961941996412596,0.021970477397945713,0.0399640103016622
1967-04,0.0004794334297152994,-0.03914287857637998,0.014020838032840405,0.0389473072382572
1967-05,0.023451868019956815,0.03449887681227971,0.020829936321882493,-0.0430270574664523
1967-06,0.05783790100063565,-0.01798267462923807,0.009864849047255812,0.0241808338283262
1967-07,0.027087114299164647,0.01265136294538876,-0.005832642511910853,0.0458918927252004
1967-08,0.005459538714394997,0.01751411715926135,-0.0044857759613246865,-0.0088993430615414
1967-09,0.02383600716548785,0.001789711597392718,0.010735932242415314,0.0310580592312774
1967-10,0.014674696735311812,-0.009147952346789397,0.03546267756005309,-0.0308321699008321
1967-11,-0.0070900362817513975,-0.021181548217048582,0.015547761151477837,0.0035713401219265
1967-12,0.04966063266395408,0.0018587454985867502,0.003076801336918268,0.0305453718097238
1968-01,0.041422681857967686,0.06624872557152348,-0.01032160483551369,-0.0402864190718793
1968-02,-0.0280630980129754,0.019689332388776855,-0.0022304740692198483,-0.0374742524269139
1968-03,-0.012932389028167422,-0.012299846222453866,0.019159073007365166,0.0021426609840564
1968-04,0.059366376476623364,-0.012012673627946294,0.044119336565604864,0.0905016746092556
1968-05,0.06470707161931685,-0.023453135025007975,0.01761810317219599,0.0227413545865681
1968-06,-0.009091927226545421,0.027415446373556376,-0.001482991765259138,0.0069533355088059
1968-07,-0.014304420104728835,0.029953297326640968,-0.0236072827730819,-0.0268461857641946
1968-08,0.01676331630595386,0.000646448590453038,-0.016234233953703364,0.0135456749483068
1968-09,0.014069775921059291,-0.00710131898144168,-0.03397271920357473,0.0404858221798092
1968-10,0.0007674373804034684,0.02723347392290843,0.009071403211574427,0.004271892571503
1968-11,0.014993865402623707,-0.0008434544221556373,0.0005159881472651534,0.054330601748448
1968-12,0.028026192540251835,0.02728855973966724,0.0020810156840652683,-0.039323981171405
1969-01,-0.003547012829910861,0.010559027701163815,0.0005329679778106819,-0.0126051449543753
1969-02,-0.035889916591938846,0.005212239570089844,0.011460772446537093,-0.0584295819554473
1969-03,-0.004578123713769311,0.00017999347079950337,0.021581730836065717,0.0267873017228741
1969-04,-0.005827257218574034,0.020054891254088287,0.032203729275984465,0.0146211465078206
1969-05,0.001987559853499894,0.017176049309898522,9.472367951589506e-06,-0.0007978493074203
1969-06,-0.04456261711046548,-0.010500354099576129,0.03166846444129766,-0.0718470866263418
1969-07,-0.03220840666089708,0.02107257988221127,0.021474491811264637,-0.070111876246247
1969-08,0.011624009525950961,-0.02602558105666221,0.009939465298726871,0.046920344747936
1969-09,0.009170539576338349,0.005392934225009277,0.02364877796404618,-0.029762681408838
1969-10,0.029202307863747265,-0.01930768615617373,-0.008733188936071973,0.0505420270481875
1969-11,-0.024402631884666563,-0.0005794412465249463,0.021330753751273246,-0.0379324558696368
1969-12,-0.04309683046899344,-0.0076766897489183375,0.027924160909757738,-0.0262627043571326
1970-01,0.03962238692231785,0.03445043408903994,-0.0021759970266380657,-0.0809099852542382
1970-02,-0.032475279905536295,0.007416301364143313,-0.03075301468112015,0.0512634604593714
1970-03,-0.0126694582280355,0.03626465894032736,-0.01071653873270946,-0.0105299634469927
1970-04,-0.047818942911928675,0.05956197572054829,-0.0015520915758522602,-0.1099746082196427
1970-05,-0.04031521633725208,0.03734524680615714,0.00380087757361372,-0.0692289224008842
1970-06,-0.02421271260529132,0.04580228212570966,0.028289347257041395,-0.0578602990690128
1970-07,-0.005311564925369494,0.029917060562960687,0.006540572824685648,0.0692276043660754
1970-08,0.007751117356869515,-0.012158577176858303,-0.0350264884348399,0.0448354169189428
1970-09,0.0688114207753906,-0.052883036438309244,-0.015108597810764068,0.0417897855890682
1970-10,-0.03440826642127548,0.0194666523844687,0.0407143732655664,-0.0227605759583089
1970-11,-0.042240516047689386,0.015258671618207337,0.009072724280751416,0.0459417022184507
1970-12,0.027078285901239625,0.008113445366948066,-0.012460936986950472,0.0573277010815971
1971-01,0.06891910474643105,0.006971635021827058,-0.04612094308552889,0.0483578805475809
1971-02,0.01967641138338633,-0.001856782638078383,0.0245429577007501,0.0140089082576435
1971-03,0.02681445984643696,-0.02336343562019253,0.021762798045605554,0.0412516308471977
1971-04,-0.00813053294539693,0.011879868957871118,-0.017107765193581384,0.0315261210905299
1971-05,-0.010625032030997551,0.01004392677238744,0.02142080354923736,-0.0398202067737715
1971-06,-0.009894977059534894,-0.006988668251422267,0.04598093887042472,-0.000876455451504
1971-07,-0.0023536083952697823,0.025637101564517657,0.02318106612417179,-0.0449088488323849
1971-08,-0.020595130427247837,0.014690285855562271,-0.02365850850013896,0.0378769702613024
1971-09,0.009821069374626647,-0.0008649285944763198,0.030929531249009656,-0.0085337756254021
1971-10,-0.010810901383778174,-0.005796671041992732,0.014717569347329214,-0.0442278972356432
1971-11,-0.02694090313828123,-0.00169682216061289,0.01915727727830343,-0.0045893214348043
1971-12,0.028564929869674266,-0.02039456233121764,-0.01309104853361362,0.0869603111294431
1972-01,0.06085598331282605,0.011259660159842338,-0.04342453613763276,0.02482679258972
1972-02,-0.0017296894644219588,0.015689098198275513,0.026162685601539896,0.0286426447286239
1972-03,-0.010315670473070878,0.00932760434552967,0.02663641658132622,0.0062884742322986
1972-04,0.00493581266635057,-0.006947382583760687,-0.005318868791176557,0.002862887197741
1972-05,-0.02702675879112831,-0.010689709185282337,0.021367804348440843,0.0125671492016171
1972-06,0.0034659520192590054,-0.006431865176681879,0.03155420444500465,-0.0242697390014052
1972-07,-0.021493343473261404,-0.001350603420894686,0.015477138867861305,-0.0079580730118257
1972-08,-0.03569350162136401,0.027940899251116622,-0.018065909396239428,0.0325722323107994
1972-09,-0.011951644355142524,-0.006506001879378019,0.018545102359851868,-0.0113484084948387
1972-10,-0.030030232824179624,-0.003545406753774132,-0.0005085666587518137,0.0051567489233301
1972-11,-0.008999084996209251,0.020254070270577927,-0.03584307226664288,0.045979208731289
1972-12,-0.016460547643245494,-0.021369906310966878,0.025149190850302563,0.0062156101601988
1973-01,-0.02849128388365112,0.006148049302136423,-0.0019961069797141476,-0.0328668689131718
1973-02,-0.04452114169503852,0.0005202448880185784,-0.00879581278069931,-0.0483834980954494
1973-03,-0.019903589550145467,0.008437977128169967,-0.009896035645841239,-0.0132793280339463
1973-04,-0.025807418259784873,0.02642532922443319,-0.0049912119209583675,-0.0567674140145132
1973-05,-0.05866963343060048,-0.0017440790205093676,0.012687647172783992,-0.0295140430635545
1973-06,-0.01870452615649429,0.004206687980009088,-0.005559728631019549,-0.0155846851780411
1973-07,0.07395923214216982,-0.06707634480386858,0.001458187083742013,0.0504027424594017
1973-08,-0.020177915984872858,0.014169206949910307,0.014473074218502961,-0.0382012556996189
1973-09,0.04947933735759294,0.012875909120969697,-0.020645031631885233,0.0474911838296378
1973-10,-0.007649878926356885,0.04107718511630143,0.005812768789062428,-0.0082590314226475
1973-11,-0.06285811962532298,0.02943389241523034,0.004699900614288266,-0.1275279450769221
1973-12,-0.04356089741328499,0.02385710625505828,0.02847271181976868,0.00734871368026
1974-01,0.1092473240180395,0.028715132120733504,-0.03212723003459641,-0.001635222987886
1974-02,-0.0023177420690051933,0.02449959486879771,-0.009270039216601123,-0.004664708292927
1974-03,0.021476302714993425,-0.0022799556024743206,0.013135413381998553,-0.0281651915056411
1974-04,-0.004319348107752259,0.028971620063302082,0.028433594822468593,-0.0528586276826846
1974-05,-0.03920959496109183,0.001266568571273663,0.017344612629305464,-0.0468410514087933
1974-06,0.004033774025750812,0.02453579008416775,0.019177476469819738,-0.0282508184645656
1974-07,0.039764636244764506,0.04542636682828275,0.021236939153036448,-0.08040899750034
1974-08,0.017434064784889042,0.03469659316204084,0.02616147814028094,-0.0934828114217067
1974-09,0.019532602507301752,0.05123112977454125,-0.027813711193301102,-0.1176995345085303
1974-10,-0.055794215015839116,-0.014192544062333237,0.09529852692086486,0.1609650591134591
1974-11,-0.014853844654915883,0.02651852570579197,0.010720417695346672,-0.0450490840569848
1974-12,-0.04022090700421267,0.01978898389693437,0.0006968015720724696,-0.034490686911209
1975-01,0.12415181162592692,-0.00287163236890714,-0.11578851006688831,0.1366655853962079
1975-02,-0.0194817100981457,-0.017070599267409628,0.039420260988633285,0.0556022314933848
1975-03,0.0329236612086898,-0.006094410230855191,-0.019446134571688867,0.0266103888605003
1975-04,-0.012055068097384096,-0.0016508050609254643,0.026563627452628323,0.0422329265074268
1975-05,0.03418103390972618,-0.002318690881726204,0.007534550493853584,0.0518803646662704
1975-06,0.019096984801887117,0.004112214480642064,-0.017335267570374006,0.0485883661207162
1975-07,0.029437638816208492,0.013739862418302974,-0.021670062153851172,-0.0658571737026987
1975-08,-0.030881128517326398,-0.0029022023531760366,-0.00016995351590760877,-0.0284753170776614
1975-09,0.009653658423059867,0.016686527592399684,0.01928226166668842,-0.0426295822835402
1975-10,-0.049377144107916854,0.030159756354060277,0.025031436239122073,0.0530048180394469
1975-11,-0.005472757667898495,0.010101200344969963,0.009230305673230858,0.0264397522114981
1975-12,0.004134697516549532,0.006859651946073193,-0.02152580613365796,-0.0160881757401867
1976-01,0.06843489151776147,0.009631047412760052,-0.02090454145876164,0.1214905777242082
1976-02,0.06886572545295978,0.02174727367907093,-0.04002583825046777,0.003175580630834
1976-03,-0.007152689068257773,0.02167150100057868,0.017369571726888,0.0231881925657804
1976-04,-0.0025998113008680913,-0.010389055777689745,0.00036404440217539455,-0.0148641612490616
1976-05,-0.011019789407339406,-0.007646875572016711,0.005367374110106118,-0.0133364624133795
1976-06,-0.0037694182403297596,0.01672647945463268,0.001657122936681854,0.0405421965501261
1976-07,0.011660677185127269,0.005024551271319361,0.007535709820042512,-0.0106385062258729
1976-08,-0.020280492169499332,-0.0048779156291292956,-0.0007728984222406116,-0.0055460637028438
1976-09,-0.0008175778357597079,-0.016886652854960302,0.012481740865000004,0.0206277779838519
1976-10,0.004512515232288142,-0.00827544971729827,0.0008669333351007079,-0.024234369853775
1976-11,0.031460754186967095,-0.006980971032404613,-0.00936204971658997,0.0035230889732644
1976-12,0.03338749980246487,0.021908302281397687,-0.004804840247101538,0.0565404678494536
1977-01,0.061820013676761654,0.008794935443226612,-0.02509353814116433,-0.0403173437131131
1977-02,0.011064385538392845,-0.0006209480265762096,0.01118870642993135,-0.019382455312364
1977-03,0.012560493416100745,-0.0013014636336444252,-0.0019729268154775152,-0.0137087248739766
1977-04,0.01089792653503632,0.01593243240773415,0.004271295844380728,0.0014528095326164
1977-05,0.015540484444132434,0.0005406122520756115,0.018663751643245997,-0.0145046087441239
1977-06,0.02761953708261028,-0.008146035725157527,0.02259620491683407,0.0471103076322298
1977-07,0.011272957105166627,0.01084103666731467,0.021429126247566706,-0.0168865888163296
1977-08,-0.002855866199298505,-0.007454815968686629,0.020810535630633294,-0.0174724379089803
1977-09,0.013372855136947132,-0.0037328773328345775,0.009229688252224505,-0.0026680813787432
1977-10,0.018411500281634866,-0.01064835815923407,-0.010111385011990673,-0.0438143149463122
1977-11,0.04538362483944475,0.011921428041530908,0.023080298779993923,0.039945164202327
1977-12,0.015084858330016911,-0.0015024174490290568,0.010505685269012402,0.0026397154871654
1978-01,0.024606149907343042,0.012350037323179422,-0.0208855091143173,-0.0599970545647094
1978-02,0.04297583224857385,0.013430246428905557,0.006090449995864953,-0.0137807139312346
1978-03,0.0356832644348213,0.02672057720743764,-0.0003668578943445619,0.0284190111379581
1978-04,-0.0054662652743393825,0.0003373552427296811,0.055711596364140435,0.0786765044999801
1978-05,0.03856799091702891,0.009560146980946017,0.007379359859430931,0.0175972942008754
1978-06,0.015764640210445397,0.004807445750055449,0.014163456670154203,-0.016922004981199
1978-07,0.002904673268257364,0.0014680646606595044,0.01398088044051133,0.0510153760436496
1978-08,0.04656756343314463,0.003673619096466421,0.011227046345251755,0.0373833116203658
1978-09,-0.0035990099352905033,0.0014960527289553504,-0.033515973388997186,-0.014278418718113
1978-10,-0.10856841507472052,0.0028568721959982,-0.012256636237187285,-0.1189641431163216
1978-11,0.04018190448695222,-0.008418817179146935,0.014735361169427086,0.0272239233168695
1978-12,0.003513302947482106,-0.014291877373826976,0.02612037068190499,0.0088100895239897
1979-01,0.04294045868033288,0.019324018620412463,-0.018206077312933923,0.0422764009790142
1979-02,0.0058136291633792865,-0.002484135728917012,-0.021728918534314568,-0.0354090116509766
1979-03,0.03988229371825935,0.01319685722867274,0.02632730662263212,0.0566971845669856
1979-04,0.026338743356023656,0.003643334750833508,0.02176154554465351,-0.0006325111689986
1979-05,0.006377650773897889,-4.3300232572054953e-07,-0.010509652475748935,-0.0221089679352317
1979-06,0.009921366260028056,-0.008088904118283592,-0.012237264373578992,0.0384158465285568
1979-07,0.01483788782761139,-0.00033880612917657274,0.0020598628223270285,0.0081922559522446
1979-08,0.018652902201136273,-0.0024166260844561416,0.034224958868520915,0.0552095197739427
1979-09,0.0035618304376022845,0.004913440972619398,0.015972120274111462,-0.008098790569589
1979-10,-0.03190178184100993,0.002414028737724047,0.006916057336716477,-0.0808398864218619
1979-11,0.02029065329500447,-0.018089110267545006,0.027702769739152436,0.0520751634441212
1979-12,0.03523802084564147,-0.0050776468792882445,0.024340933739391696,0.0178468933040174
1980-01,0.014119214237144385,0.01834850013194287,0.027376573967845957,0.054953144601355
1980-02,-0.004957674182467259,0.014282401400678154,0.013239301705511727,-0.0122137944216453
1980-03,-0.06374968112807634,0.0015068163956382385,-0.016177219225283285,-0.1289231017962364
1980-04,0.008286191114628402,0.01192979348702465,-0.009625127579608976,0.039604618519049
1980-05,0.015663207804951236,-0.014338962753341067,-0.010793364274228494,0.0524493548921137
1980-06,0.012599203140190841,-0.005644169937655371,0.021410925305687344,0.0306379645142006
1980-07,0.03740425779806117,-0.026494088720804526,0.0032589954356365136,0.0648854097374235
1980-08,0.05051102704427059,0.011549428590481338,0.026374017540039867,0.0180571088500746
1980-09,0.009200944482787046,-0.006612233591500285,0.047387319979103726,0.021910263387084
1980-10,0.01318071522127446,0.005861749528689869,0.051642770235442836,0.0106911012528656
1980-11,-0.04316990553716076,-0.021991622651456905,0.08700612421248646,0.0959152332703009
1980-12,0.007839864047529066,0.006873707156823679,-0.01329058995523049,-0.0448887473772443
1981-01,0.03474563861660291,0.029399072519366062,-0.055204230772271615,-0.050431127064996
1981-02,-0.004643953630828784,0.019569434893373927,0.017074757438019214,0.0057334933570327
1981-03,0.032370105853998576,-0.01248310757070089,-0.019155069275918632,0.0355580788089377
1981-04,0.04390755120427116,0.029572240229307684,0.014445727991377427,-0.0218126970729136
1981-05,0.024019216374465153,-0.004784665037233899,-0.0011509619102392891,0.0011276603728352
1981-06,-0.004620114141716579,0.031771345195007954,0.0006675721879249794,-0.0234317200475568
1981-07,-0.009971427890671262,-0.02286711893357919,0.029248013254656015,-0.0153827602842546
1981-08,-0.015991993440478483,0.012223080069197922,0.0006786416833628184,-0.0700985404603742
1981-09,-0.022513585272689866,0.028797732184070113,0.005627371007867449,-0.0713947788332156
1981-10,0.016892381248215578,-0.015583016196858396,0.04538333678918762,0.0491816450268512
1981-11,-0.008106868226237803,0.01091593381668016,0.0015374991252764258,0.0335530154922159
1981-12,0.011597439156496301,0.019825165894536784,-0.0009644774483047042,-0.0362672484693518
1982-01,-0.00650123976230985,0.015579492168736515,-0.019532401061329984,-0.0324311959210101
1982-02,0.006656626765481281,0.04508003078629208,0.00011450059401239138,-0.0584866462865021
1982-03,0.0056373339505445125,0.01896364478374098,-0.017363382398142436,-0.0183269861287224
1982-04,0.0015380591007680272,0.01037649870013952,0.01832965358812364,0.0327292691189433
1982-05,-0.004043237155726059,-0.005400279175933609,-0.004096203318988384,-0.0391424802721762
1982-06,0.005954664092711169,0.025249670790337193,-0.0044918455332539665,-0.0305990977220799
1982-07,0.014288321139157687,0.024755730576012904,0.027607859453277258,-0.0319175459009105
1982-08,-0.032824360289422316,-0.008074801675633,-0.01471671952276453,0.1113475392787576
1982-09,0.0304746135010519,0.014627848527501623,0.03650768688024781,0.0129491126956083
1982-10,0.015124919327184516,-0.011997624432483034,-0.007299158113793391,0.1129293645121786
1982-11,0.04454454635868963,0.012155887195591263,0.027622523233390116,0.0467196955246848
1982-12,-0.005651432732745919,0.006692825848435818,-0.007063310491812002,0.0056422402047494
1983-01,0.028321285169155726,-0.012325703120085893,-0.02486065195372704,0.0358902510756192
1983-02,0.03614934549335197,0.01600101052075786,0.026217480179246626,0.0258408644504906
1983-03,0.019054674548262422,0.026408224016344833,0.01456838670373281,0.0282002265294715
1983-04,-0.003018946033170475,0.021788095591593233,0.0034418804400803277,0.0665959242147875
1983-05,0.06263251843309348,-0.016218000044769337,-0.03576069593852934,0.0051635845061721
1983-06,0.021557735472321662,-0.01361625661625477,0.01994470397251777,0.0307011041395108
1983-07,0.011436159075003147,0.02842497578141519,0.02137125792997856,-0.0406327717315112
1983-08,-0.044274034599060645,0.007400897926141195,-0.012508692380508116,-0.0050526912882083
1983-09,-0.004863248336916955,0.016977269269445504,0.043381455234470505,0.0094469351465257
1983-10,-0.03682949979581261,0.02638930536137863,0.0159585444499109,-0.034322760894159
1983-11,0.01730276564384632,0.014292113843246884,-0.00872189308405634,0.0216100194766356
1983-12,-0.011112663109379008,0.01567507561596719,-0.015038966918860353,-0.0177402595771807
1984-01,-0.006978249220116275,0.022149929392415044,-0.04189685469537938,-0.0191697839524387
1984-02,-0.016584179638600816,0.005975119279861933,-0.009304710819775665,-0.0476303392335243
1984-03,0.0007566556692669615,0.00807990903878408,-0.000469691093554981,0.0063662146051989
1984-04,-0.0023724013505659024,0.0013409814593833289,0.014297494648004224,-0.0050710568957747
1984-05,-0.005270510037912152,-0.0175606790543541,0.016358145728841575,-0.0596375941404352
1984-06,0.002812708971176539,-0.0242832485183481,0.020049069896804498,0.0180669969138978
1984-07,-0.02526108138028905,-0.01013389420246763,0.02967978826130457,-0.0273411362423239
1984-08,0.001670753388391108,-0.008227958228604781,0.0032869540489657845,0.1025915560360117
1984-09,-0.0063400417328869155,0.02243840248971765,-0.0016069895134016021,-0.0080195047632816
1984-10,-0.016485639150327934,0.002961625668205988,0.030043508741993376,-0.0085349862326166
1984-11,-0.013381312320739918,0.021530141482664758,0.009814212187555009,-0.0176052325963069
1984-12,-0.001267555143081748,-0.009359885766316241,0.026096975555234738,0.0183223950759887
1985-01,0.038248126486510006,-0.041610522016853904,0.0042561306438466395,0.0796361436247522
1985-02,0.010522997121039436,0.014812986930540445,0.015799818218593643,0.0122251348634427
1985-03,-0.018804351530660728,0.029988980510906902,0.003983040897405754,-0.0084239395594158
1985-04,-0.005000544138094634,0.010952177846385334,0.0005768171743501197,-0.0095886802477949
1985-05,-0.01676497179684347,-0.009472375463825476,0.029405741348017475,0.0507172621829466
1985-06,-0.0031746584659348206,0.0009202601164888958,0.030612347477497893,0.0126999939554374
1985-07,0.023976419752726533,-0.005780570158229449,-0.019293879369053246,-0.0070110694468134
1985-08,-0.002453596610318922,0.020592484586551323,0.0033827938674147687,-0.0101086147491985
1985-09,-0.019776094099057652,0.020771365792910335,0.015093538189205752,-0.0451362165350601
1985-10,-0.00411563909384801,0.00353163443111177,0.02313372781260008,0.0401043583946652
1985-11,-0.004068911004545858,-0.017643962379814394,0.01802935867358873,0.064443776614105
1985-12,0.0038981187164116443,-0.016328022410411445,0.017863336773936,0.0387331350127457
1986-01,0.009604795173207992,-0.00407804059081596,0.016652897110002316,0.0064812614912221
1986-02,-0.0096833910774336,-0.010634279310693155,0.021672757305720568,0.0712523357225261
1986-03,0.0071816884162848454,0.01850632499819546,0.02593166468950999,0.0487557203071048
1986-04,0.010425261508656867,-0.019146165652473474,0.00813611202140946,-0.0128239978080841
1986-05,-0.014519395293267498,0.012530701536287443,0.03340031144527646,0.0461914370933144
1986-06,-0.006863219835753467,0.01942786535878511,0.04889937675064271,0.0103948557200703
1986-07,-0.027826457400885657,0.017810849916488763,0.022822244744755013,-0.0643493658920386
1986-08,-0.04305729615774058,0.03266160625219779,-0.028417934631461063,0.0605366426197183
1986-09,0.012426410887687742,0.03663791051636899,-0.035037920690527954,-0.0857846075471863
1986-10,-0.021318883127132975,0.0008042391929488704,0.01574851658793388,0.0464553488664171
1986-11,-0.021763379531247226,0.005770963084179509,0.0079143159930256,0.0116713734122307
1986-12,0.009281234358824785,0.009508038048185199,0.019402923734304297,-0.0324370275131351
1987-01,-0.01175843614268815,-0.011035729178348525,0.011075435862453617,0.1243920261422454
1987-02,0.03597802020610061,-0.014164440473908933,0.027029273591555374,0.0437902870227924
1987-03,-0.003247501779000482,0.043488998566566545,-0.010887421918152323,0.0163234559789161
1987-04,-0.022225283441183886,0.004957281561631732,-0.011545606872163647,-0.0208830321290235
1987-05,-0.009115927205534674,0.0011240702442282882,-0.01987954496981328,0.0010679414630678
1987-06,-0.018406362929686,0.014706633880900401,0.012188386532665674,0.0391093536147856
1987-07,-0.02072110600206894,0.015525459046126344,-0.015849486689367413,0.0382836830561463
1987-08,-0.0016973164190070937,-0.005190655278815435,0.04045534033211897,0.0351989958728092
1987-09,0.0036828669692209205,0.014068615779374136,0.00562258036261217,-0.0258124514172366
1987-10,-0.07307976396384874,0.029485789328214496,0.0074363744162462275,-0.231775156181315
1987-11,0.030615159407319396,0.010390660828351994,-0.00895058125255422,-0.0774360404764313
1987-12,0.0004324922373745155,-0.024596422600286175,0.0336558482101183,0.0682048022619112
1988-01,-0.012505597830539929,0.008532588537464095,-0.040331223282392956,0.0421051157746107
1988-02,0.0360286838008519,-0.004336176087328808,0.01770938346787343,0.0474985013329725
1988-03,0.05695586962342317,0.016488310233216875,-0.023287888968902954,-0.0226615760727186
1988-04,0.012939087142659973,0.016387258510430113,0.0023346440592299164,0.0056961988860933
1988-05,-0.013022656775888984,0.009538327842764201,0.0005242332904585468,-0.0028717069023008
1988-06,0.02836637871120007,-0.03594576846293969,0.026322841466852237,0.0477726120267762
1988-07,-0.0015358073851696507,0.011171520665370128,-0.009687313346599065,-0.0124722851176789
1988-08,0.002968481784310875,0.021371416846747142,-0.02031622217711697,-0.0330421640645985
1988-09,-0.012638878534869148,-0.007779232866700323,0.024028324531885702,0.032932954301352
1988-10,-0.02875664713700728,0.0016908365945042378,0.0017928017653700483,0.0115729533779557
1988-11,-0.01790109812025388,0.01125020462444044,-0.009302815627785798,-0.022812413841022
1988-12,0.01907129249250089,0.002116500010535864,0.007335713016444423,0.0147957692482573
1989-01,-0.01702002121009929,-0.0036846280682597612,0.004466953647241811,0.0607840228890988
1989-02,0.030056477302994128,0.01302650675838479,-0.007577532926696582,-0.0224862564425847
1989-03,0.011785474505291983,0.01498724821736196,0.003918329347908606,0.0156733531451718
1989-04,-0.0073611062040822225,0.0016521042020916851,0.02180844789731269,0.0433782137307481
1989-05,0.002086269942248274,0.004289476436053735,0.015070489024722397,0.0331253458632559
1989-06,-0.0077316427727658135,0.014916696386576122,-0.002392274880364283,-0.0133444304804109
1989-07,-0.035006224322806555,-0.0071016668557767545,0.04686109639822999,0.071737460429241
1989-08,0.001996224236014435,0.002274756864487481,0.010551897075192267,0.0143947215340033
1989-09,0.009887872490597303,0.009384609425663801,0.021023714849970794,-0.0076574656335871
1989-10,-0.029576603991266534,0.009235438868163443,0.020515697736244017,-0.0365765357653484
1989-11,-0.013852396581768497,0.01483738579183858,0.003210910807283692,0.0102616268172844
1989-12,-0.014420833924357335,0.016560968140959396,0.009855578811829354,0.0116110956853363
1990-01,-0.015512776062878778,0.00617135340204189,-0.0020767561307750426,-0.0779631529178804
1990-02,0.007745754224251139,-0.013235359325768064,-0.005246826505268639,0.0111332924851441
1990-03,0.014021426322206366,-0.00010269201713584974,0.028939138732439678,0.0183221174602433
1990-04,-0.005465950829342682,-0.004373805588508042,0.019352277184346293,-0.0335438410856899
1990-05,-0.014410224209942646,-0.010282383825645475,0.03657547742533357,0.0841778164683417
1990-06,0.01840225748482873,0.0015493507520501588,0.021482908348307655,-0.0109354583216101
1990-07,-0.028432598928573468,0.03706826974582248,0.02358140752890757,-0.0190110528774161
1990-08,-0.043958284256266966,0.0363786001644181,-0.003716251583937444,-0.1012314082879314
1990-09,-0.03334175031282711,0.033092376570154645,-0.004430558452995462,-0.0611661214260227
1990-10,-0.04772473233787423,0.010481980544901168,0.023224867993087747,-0.0192056776745661
1990-11,0.0020831726967805164,-0.0476324996860206,0.01509025885374965,0.0633587800029162
1990-12,0.015497830709176253,-0.019895828649763244,0.03446652763858632,0.0246072838488183
1991-01,0.03487855367169573,-0.0467474303669022,9.008011329125765e-05,0.0468007834125819
1991-02,0.03497341497692398,0.0037768693639747136,-0.012165567368626368,0.0718228449968019
1991-03,0.037398686179811444,-0.01613051906157932,0.022573360819911705,0.0265800696045971
1991-04,-0.008985232532895616,0.003818595151674538,0.01569391291165336,-0.0027491743881615
1991-05,-0.005172269905561397,-0.02451631588659533,-0.010702885750176278,0.0365032415516311
1991-06,-0.000829485616120007,0.017229330041261356,0.007941948169205487,-0.049422993255358
1991-07,-0.0033119254978713764,-0.0018329919383086105,0.0377583300876552,0.0423430200548568
1991-08,0.012102446040980687,-0.006304310498730609,0.02164874408105457,0.0231779330590849
1991-09,0.021411522786258845,-0.0022336666231222795,-0.0045862246356482474,-0.0159480000476305
1991-10,0.005230397927289625,-0.001552302415084389,-0.005182966882044591,0.0129098887961068
1991-11,-0.002649926207586889,0.003047059624415184,0.03713789282780522,-0.0418287052696364
1991-12,-0.01719282139825118,-0.027346766961505606,0.05854048619850367,0.1083670185952271
1992-01,0.08305412457027317,0.016955903088475485,-0.03678517150465593,-0.0059167825258082
1992-02,0.009727206923276777,0.020938714653532954,0.008571553337404962,0.0108566002852323
1992-03,-0.010995261700927805,0.024655427325621888,0.009958138762262526,-0.0265621217255276
1992-04,-0.06488724801407367,0.02284940350158334,-0.012649943514411694,0.0108569436449607
1992-05,-0.0007679271557390903,0.0018952093963659875,-0.0025332143557136237,0.0029617128074627
1992-06,-0.02092744573207814,0.009211297727597746,-2.4029965327042324e-05,-0.0232872225829756
1992-07,-0.0071613070789201955,-0.00022434953965197457,0.025300963215489223,0.0377042633738393
1992-08,-0.006190335407205021,-0.004994709060481325,0.019759497589544286,-0.0237707101469556
1992-09,0.0071813301466774875,-0.0028628232482803065,0.02231931427198286,0.0118998025210127
1992-10,0.02184794804714547,-0.0015027700304241567,0.024428505471158962,0.0101337024457851
1992-11,0.0401902305311884,-0.012787334790747104,0.006833041169013572,0.0413364671824305
1992-12,0.0263382558873941,0.011893074081981106,0.014729195128511464,0.0153514479889483
1993-01,0.015866138013692115,0.022298659678395595,-0.02016460333333682,0.0093217542331062
1993-02,-0.03248331030462927,0.040964119062551194,-0.013246914461974795,0.0012149965633293
1993-03,0.0013711563897833706,0.011172042619979176,0.014790266742462296,0.023175001944868
1993-04,-0.007400639039696365,0.010203206040354167,-0.03310781648476025,-0.030501367093828
1993-05,0.023034720524675596,-0.0066203200595038245,-0.0001897725987417484,0.0288076607248796
1993-06,0.014722210940719054,0.015129336344657754,0.022959527518135577,0.0030589124525267
1993-07,0.010868600287760518,0.015863456983401154,-0.0029871664726367603,-0.0034235662641509
1993-08,0.0013041468116064894,0.0036740659834992237,0.003029300972097991,0.0371464168094828
1993-09,0.03259731795605341,-0.0013747173591484047,0.008918008298399994,-0.0012448824049783
1993-10,0.002833218639635319,-0.004301173340510896,-0.016895299460910916,0.0141656197263038
1993-11,-0.017092300154312567,-0.009280869206795304,-0.009275745197603026,-0.0186544559458957
1993-12,0.01709464558093353,-0.001433533523797336,0.0211555910360555,0.0164492964228903
1994-01,0.0008149866544953296,0.005895919539077067,-0.013634531298641128,0.0287033559649809
1994-02,0.029409158995059238,-0.0028047846802553567,0.023906293934506374,-0.0254197550505704
1994-03,-0.011014387766693015,0.005388407043512948,0.004033316509292735,-0.0477714463686244
1994-04,-0.015185805795743105,0.014653265611164732,0.013331026097033778,0.0068099168911565
1994-05,-0.02226709046667155,0.01151221326788098,-0.0014790287050228564,0.0058472605771785
1994-06,-0.009457046519062456,0.011577126122922252,0.004097159509021009,-0.0303575982475585
1994-07,-0.015266202049446956,0.002744700146705633,0.004845788550966016,0.0280964413761126
1994-08,0.01906549337508135,-0.01165455524025507,0.0171626140401979,0.0401261284666174
1994-09,0.018658841115649027,-0.0013548550452549633,0.006811122451211471,-0.022865645720968
1994-10,-0.01208042247033004,-0.0035529590138158144,0.009392354240654302,0.0135155661315435
1994-11,0.005046950919050844,0.002926493322937207,0.015627549471929195,-0.0402908935623136
1994-12,0.008946018118209895,0.014379912302717892,0.04218816370999415,0.0086379493206433
1995-01,-0.02453012790218513,-0.00189912997017435,0.0018433667817680506,0.0179631592163974
1995-02,-0.005845510987633133,-0.005457715239837402,0.0029754857377508534,0.0363080095736887
1995-03,-0.007366706373969915,-0.0021055282198172154,0.011934146298181063,0.0219256723291495
1995-04,0.00238214453448583,0.00633863243862564,0.002703428467352699,0.0211456884912242
1995-05,-0.018215776399296214,0.012013276536069005,-0.004896529250417676,0.0289035955950181
1995-06,0.028751441278205787,-0.028838923708281103,0.018368673808667677,0.027205741767115
1995-07,0.01980515617747715,-0.027146408351498785,0.012222021909155119,0.0371452513677054
1995-08,0.023265906912982776,0.02112954281805719,0.0012354808767611365,0.0054836689506696
1995-09,-0.01128056974050384,0.016582964744614213,0.016822722169852432,0.0335339802550502
1995-10,-0.04633961318744109,0.0050631885055201775,0.028252465280153037,-0.0151077144899345
1995-11,-0.008204546584093954,0.010018245464492849,-0.005670015023214521,0.0395559225340987
1995-12,0.0044972822430923536,0.030537387811263163,-0.0010092351731402875,0.0103653536147445
1996-01,-0.023138421476369152,0.03048409735841328,-0.014556212367464084,0.0225637936068866
1996-02,0.027538180954614976,-0.015931701425613887,0.03198551018274029,0.0133027730160742
1996-03,0.017675290335349376,-0.005734802891285341,0.0001946789389619466,0.0074347225746889
1996-04,0.05436389498942389,-0.02077967186332906,0.03112141721038133,0.0206262147635482
1996-05,0.043318175958361044,0.006937459110647179,0.018963634387189933,0.0236022107283114
1996-06,-0.04389729032796075,0.023596833284217543,0.0064330869077566105,-0.0113258483211281
1996-07,-0.03802595116643832,0.03198555055900844,0.027957032653648725,-0.0595727735404851
1996-08,0.028176966229464646,-0.02317819302422554,0.0006541784930377548,0.0277206253946532
1996-09,-0.010835281634309697,-0.0217683503914297,0.023068081005308418,0.0500685241521858
1996-10,-0.022246037281503442,0.051683761409543616,0.02575647009008947,0.008725792119683
1996-11,-0.03458152605920843,-0.009717887898700962,0.012489091657686156,0.0624463976565602
1996-12,0.033841875744343566,0.01682126560495239,0.013067462896444828,-0.0169545829395199
1997-01,-0.0074870148290850785,-0.000602757290724551,0.014582928014818378,0.0498027361235254
1997-02,-0.028008617808900224,0.032462713301536696,-0.012408807350230157,-0.0048466713520562
1997-03,-0.006972990915824415,0.01828975835004714,0.014761800888256363,-0.0501636993707237
1997-04,-0.04898257832498735,-0.008664313354136867,0.036317235596799655,0.0404193656869742
1997-05,0.05399154527732157,-0.03732707692586362,-0.005660188406522451,0.0673286174916776
1997-06,0.013031539156635796,0.0026699073478946844,0.021654597848823155,0.0410102991017699
1997-07,-0.01871729441318768,-0.027263297423781356,0.013906490184655965,0.0731180652412214
1997-08,0.07642369581268504,-0.0030425055861057317,-0.012299342433351755,-0.0410122989818966
1997-09,0.021627288536486558,-0.006566982223910334,-0.012681399727342127,0.0534678064197893
1997-10,-0.01064806566129231,0.02483626369119997,-0.007823711000157524,-0.0379539592443152
1997-11,-0.05122881267111257,0.0250276120093425,0.020925007798721713,0.029864159290654
1997-12,-0.0217725689691633,0.019650640557363326,0.013783082212812834,0.0132964303059112
1998-01,-0.012447675655612013,-0.009181021304105034,0.022223183868264135,0.001427725000352
1998-02,0.011648726397729903,-0.024045050733432147,0.011973834537045092,0.0702881966138855
1998-03,-0.0020158522622641464,0.002793579913452922,-0.005845758920302327,0.0475814607875557
1998-04,0.00672170969694208,-0.0036151506888286427,0.0028827139273826,0.0074072024060863
1998-05,-0.026421761642795926,0.03126953850035029,0.01686075351760999,-0.0305974419304505
1998-06,-0.027410350613539535,-0.0209370077970273,0.026742716670199604,0.0318318430258654
1998-07,-0.055929231266696786,0.01735951337034132,0.010029168408199153,-0.0242438874477991
1998-08,-0.060691626160985473,0.059949242573375,0.033420342262290514,-0.1605882432782658
1998-09,-0.01560954721173248,-0.040130424359626334,-0.018818741635682645,0.0619239938322374
1998-10,-0.024630573728962386,0.0039699861550706525,0.0043203299454093805,0.0701328798682888
1998-11,0.014671885045258445,-0.005256269731034921,0.008525486471704605,0.0606485330293435
1998-12,-0.02204176148790668,-0.038255943721478815,0.026417062155804562,0.0614504906182392
1999-01,-0.017869658033630637,-0.05076397178034199,-0.03538733313359615,0.0350705367697585
1999-02,-0.048318126892889744,0.04372089392002023,-0.005621438905636725,-0.0407173354717352
1999-03,-0.050175572836288054,-0.011806572656787088,-0.01137119447991734,0.0347083676387197
1999-04,0.04641793998528138,0.02211390095105665,-0.06312646283221551,0.0433460616130155
1999-05,0.04542528164486108,0.015281294546665863,0.010214257461830377,-0.0245519462319319
1999-06,0.03566363735799165,-0.02657217712329922,0.03261819359595273,0.0476683843534889
1999-07,0.02553972307849888,0.031122438449931112,0.012596571989373273,-0.0348721871637436
1999-08,-0.018503170495717182,-0.012789401292604478,0.0025985109839296774,-0.0137101482356787
1999-09,0.02565995035850013,-0.01752509140320065,-0.0036092206321472814,-0.0277281382069031
1999-10,-0.05827334423805282,0.006905964589068222,0.010544021763096274,0.060925344555048
1999-11,0.05538136181389445,-0.046601613117735016,-0.0280177635292225,0.0341206322375337
1999-12,0.05199113053802529,-0.06153520560448768,-0.04105394878416928,0.077108225426827
2000-01,0.0476207507974577,0.02245612384580473,-0.06356491184444871,-0.0474054945507314
2000-02,0.20210426692647976,-0.048996386579930065,-0.08117528907566825,0.0245848991987804
2000-03,-0.13687354348624498,0.03206677745109952,0.09172666164651537,0.0520682592252149
2000-04,-0.04986755394944591,0.03872399845636348,0.09463141467252206,-0.064050011990647
2000-05,-0.02791476973232284,0.0020945870231943303,0.022877987161317337,-0.0439043398056369
2000-06,0.09736392612583519,-0.04378227994085522,-0.05125701090813965,0.046823216012251
2000-07,0.009327083241648094,0.028118353813647745,0.03719006979515668,-0.0249148368544946
2000-08,-0.0016428865409897075,-0.004472309627627638,-0.012904499665151725,0.070320807434534
2000-09,0.016761937202196174,0.05733933372453865,0.030285638012709285,-0.054415783406758
2000-10,-0.021225156500248615,0.040420362835266524,0.07669748198712627,-0.0278555494755319
2000-11,0.007714377842498149,0.09250840282550021,0.09754427590633306,-0.1070607312037554
2000-12,0.04645730073870517,0.056647948020018594,0.04769277367383595,0.0118195846162507
2001-01,0.0318838279552526,-0.06149284104200627,-0.09929413532065431,0.0324909109389941
2001-02,0.029683391522340896,0.107988746996833,0.0551752775027643,-0.1003922707665456
2001-03,0.035860912736063816,0.04928160857113854,0.03335363512292279,-0.0726182564546826
2001-04,-0.003323196868513331,-0.04032641234337474,0.00857853921545755,0.079358582194822
2001-05,0.04090033090470731,0.030669897872596854,-0.022372478936325935,0.0068090582714794
2001-06,0.06375141967638001,-0.020941306428770245,-0.01122136310072341,-0.0193706884921892
2001-07,-0.02475458789960071,0.019747581478490178,0.042955661724030536,-0.0213345019414836
2001-08,0.02024585672106255,0.06228490070713874,0.04305643072956532,-0.0640063942612524
2001-09,-0.043608209001665746,0.020808985588254808,0.09546745595966329,-0.092527326515536
2001-10,0.03325231683653319,-0.030771092730091217,-0.04493156648071163,0.024888645070573
2001-11,-0.021167373177408508,-0.008181276173123656,-0.08849616400008589,0.0753099167114213
2001-12,0.05232085131658531,0.0010052217643427633,0.00018480773717814009,0.01607169609615
2002-01,-0.0020227124273807947,0.04420235382716521,0.0014371442358380327,-0.0143583686752291
2002-02,-0.00896366275461136,0.05548060631290098,0.0562248425767728,-0.022946307726432
2002-03,0.045878425523937484,0.006239802206938275,-0.044560866935351176,0.0424240360965969
2002-04,0.06957768229736444,0.05041182133567058,0.05772936277682594,-0.0520190433033796
2002-05,-0.03602810508166594,0.02743159719999052,0.016685526341298763,-0.0135418597129877
2002-06,0.03847579350524029,0.03452589161155387,0.05308676681450251,-0.0721111982285568
2002-07,-0.06179756036656482,0.024637193140767386,0.07341637101960757,-0.0819091755331674
2002-08,-0.0024764824544585397,-0.012111202137087123,0.023435416127670923,0.0049465502462155
2002-09,0.03211439047160841,-0.02171618136905977,0.047195775368890025,-0.1034092092083377
2002-10,-0.06312635531376828,-0.009652674205808884,-0.05798902197856252,0.0782721060290664
2002-11,0.014463489460572798,0.03520243689115106,-0.11462282174225996,0.0595099157903346
2002-12,0.009764950407274472,-0.01879236009542358,0.05577193591990952,-0.0575432118481004
2003-01,-0.0024778544213249765,0.009817482147487719,0.00034076408039454206,-0.0257042450759522
2003-02,-0.022566474337332845,-0.002567184172770208,0.005691458766650091,-0.0188569282450172
2003-03,0.012183164872672111,-0.006299461923128037,0.03148323360580857,0.0109300610724643
2003-04,0.022712867689654304,0.01567715252483523,-0.03880344441804126,0.0817496388853286
2003-05,0.04110850115875375,0.014117905663246999,-0.08147047545202706,0.0604805630610524
2003-06,0.022636487569217628,-0.011151790242566316,0.014331236241953562,0.0142069951523015
2003-07,0.044261851833815966,0.024568289969059944,-0.017085760184303453,0.0233067141339823
2003-08,0.025283999648645812,0.02462197059817242,-0.010671148619796504,0.0232723261007949
2003-09,0.0038461116629075476,0.003997707137637724,0.007073839290264745,-0.0123252904328825
2003-10,0.030993617213084676,0.014407224081585318,-0.011360804486726966,0.0608127730314644
2003-11,0.021827705848425135,0.026814601119095526,0.009191832464308724,0.0134843347431399
2003-12,-0.026404267366020764,0.003376751001863812,-0.019594607695101223,0.0428722284475481
2004-01,0.031174786466321675,0.02774971630429391,-0.02144910894734115,0.0215175445389142
2004-02,-0.0012977307408792308,-0.004893260703506028,0.0243798407049232,0.0140166119574816
2004-03,0.023916310815358836,-0.007471771938392783,0.016520252249461888,-0.0131959387647803
2004-04,-0.02850383220922017,-0.0338826073053752,0.0024766869843029747,-0.0181879078104736
2004-05,0.0017993703695572249,0.009145547000774914,0.01090636389271009,0.0117481821044742
2004-06,0.02583193291766589,-0.0016958512122903155,0.008330757773076309,0.0185777449474465
2004-07,-0.03105185374580926,-0.004511851971899836,0.019130542852064454,-0.0406318089168285
2004-08,-0.012182008788962572,-0.009211768764851363,-0.00975983338134312,0.0007613424842835
2004-09,0.03702800044219141,-0.0214246640197658,-0.005000834860620959,0.0160733577125566
2004-10,-0.008055695809625535,0.003376900705978207,-0.014952410795435125,0.0142771647375801
2004-11,0.04640265789120239,-0.004564846603884093,-0.007922049031317338,0.0454729485625081
2004-12,-0.0016873223067003923,0.0009219932891884539,-0.006043067677047501,0.0342349337198098
2005-01,-0.00017862108874953236,-0.0009263404175071099,0.03368763019608728,-0.0274821138076767
2005-02,0.0074494051348689035,0.009011081688526719,0.02739867772289574,0.018860819987309
2005-03,-0.019728207929722245,0.009078442428342676,0.005726901608066728,-0.0193246231792474
2005-04,-0.04727444367981068,-0.013103818113054305,-0.01412541130954998,-0.0261171934212263
2005-05,0.0305028838540959,-0.005443018869432596,0.010682071415215766,0.0365089656282222
2005-06,0.03740633554563971,-0.00540455834714158,-0.007024489889136327,0.0056728755390311
2005-07,0.02481051869725525,-0.01960139379465626,-0.004273244395043618,0.0391305233894977
2005-08,-0.00604619019216455,0.0030220244099125413,-0.008866433757928928,-0.0119681630630615
2005-09,0.0019467997470537807,-0.002267495644907606,0.003296076791966772,0.0047831830018857
2005-10,-0.0038586637797865114,-0.001848002240852832,0.018583234969394267,-0.0204658283550343
2005-11,0.012491916301219576,-0.008650854419164383,0.008506406279284395,0.0361298082268817
2005-12,-0.0002622929761694999,0.007215032477683564,0.0020630637456081065,-0.0024176300420742
2006-01,0.06753437328109094,-0.011304772101128596,-0.004116778180984909,0.030373236198289
2006-02,-0.00433813157638936,0.02702180236002686,-0.00921124197265294,-0.0030188697583306
2006-03,0.0327821905583659,-0.008484511523339164,0.010492405166678063,0.0146468444868791
2006-04,-0.0021552439090490524,0.006571639269810503,0.007955106600364605,0.0072658561349557
2006-05,-0.03568636561146683,0.018276791951352206,0.0033441261628669727,-0.0355561527320378
2006-06,-0.005219288877693457,-0.003920161399971956,0.009947586886878601,-0.0035063691569323
2006-07,-0.031304519000489445,0.01279072575234547,3.9023414836265174e-05,-0.0077863759012927
2006-08,0.0054128878779185,0.021570409928606413,-0.00967316960063555,0.0202844495016527
2006-09,-0.014070003177870482,0.014343515870217509,0.00657894591019779,0.0184066235040907
2006-10,0.02291179720781926,0.004598778179640772,-0.0007778507406830323,0.0322368470310199
2006-11,0.00694209893507132,-0.01332546447496569,0.0028613187884496995,0.0170880358514986
2006-12,0.0002291799991218516,0.016750412228492384,-0.008794526008376997,0.0085792321012445
2007-01,-0.0020729955226276436,0.009768613313022971,0.003746941162230309,0.0140407504063815
2007-02,0.013975155203547526,-0.01060418823165586,-0.008465103494034093,-0.0195239703898876
2007-03,0.0017657987526224356,-0.011979014081650051,0.0006255992022033835,0.0068547056384271
2007-04,-0.0163054258668006,0.00668072790273478,0.007358771761330624,0.0348013016383133
2007-05,0.00013707267097212705,-0.02616819236442626,0.0038118101189748427,0.032353674717972
2007-06,0.011658059212515155,0.0045789383431751275,0.016640442591496604,-0.0195727054036227
2007-07,-0.03161430551689148,-0.020971350826580443,0.01429232077152531,-0.0371940642207201
2007-08,-0.008984257761968623,-0.008432284195122174,0.009164854054889461,0.0091825545597499
2007-09,-0.022202450658166124,-0.03233378705929183,0.014351639567032882,0.0321861669352671
2007-10,0.005195279585148937,0.008854619989028138,0.013075745390141159,0.0180314362586618
2007-11,-0.03107237902758863,0.003945323028106629,0.03285000137091044,-0.0480254339287309
2007-12,0.006136565825797401,-0.008329822009181344,0.020485980761425278,-0.0085807504169008
2008-01,-0.009854848385134632,0.012715806816459091,-0.008020422434924124,-0.0633904537669435
2008-02,-0.011583408401256434,-0.02009587515257091,0.012802661794881844,-0.0308168694796156
2008-03,0.0021138893791454744,-0.005084001734937098,0.02151537505588067,-0.0093637297094009
2008-04,-0.00629115497317842,-0.018225026998864913,-0.0018466382245299132,0.0459841354094276
2008-05,0.02136613684145383,-0.0032793523228838717,-0.0034540620308078085,0.0185662971592008
2008-06,0.01757815976230874,-0.009331260811194508,0.053507797274250785,-0.0842321635889203
2008-07,0.04923856279986562,0.023160501172010694,-0.00706019403541816,-0.0076489501942123
2008-08,0.017322169836214464,0.013092497604829199,-0.006660784703431483,0.0151964182517502
2008-09,0.012942307528728172,0.038865394984173865,0.01790663458892558,-0.0928903841209634
2008-10,-0.03021981446790914,0.015074979723338933,0.04983872641292736,-0.1717907800234784
2008-11,-0.051240411548645295,0.007868401115334697,0.03301203214903048,-0.0775773268811139
2008-12,0.03416575085019726,-0.026928804840765826,-0.010269849964113564,0.0176853868327503
2009-01,-0.030440343693312423,-0.00468638854290801,0.0006104819484895607,-0.0810916624327641
2009-02,-0.01573366766434456,-0.015698266700027386,0.03203787607117123,-0.1008555026762156
2009-03,0.010037313508688403,-0.006521133593556244,-0.03331028393734964,0.089614979684018
2009-04,0.06729666002048941,0.02309967616802025,-0.1364208064462486,0.101669971267454
2009-05,-0.016572795639298372,-0.02688797387295193,-0.030793256451842034,0.0520681379459877
2009-06,0.03791097343734926,0.006711318324918357,0.009833206292382874,0.0042633098874905
2009-07,0.015181860519632273,0.023759166862793238,-0.03900916263459196,0.0772181062529411
2009-08,0.007256996696304734,0.020116475615694678,-0.027035159350611723,0.0332718130388802
2009-09,0.023777773972649054,-0.009587658927222284,-0.025233243191997975,0.0407453697076416
2009-10,-0.043135057620454643,-0.007994631249275151,0.03688667401694853,-0.0254973176760449
2009-11,-0.02461715443854401,-0.006184956201407493,0.010217982871576395,0.0556964866816195
2009-12,0.040354776722049804,0.005022342048356054,-0.02008436967895811,0.0274222493733251
2010-01,0.0018157450576865367,0.010428405435231256,-0.010867070579655809,-0.0334793364061978
2010-02,0.014655776849703435,0.006859201775095344,-0.0106811435020851,0.0339145827262025
2010-03,0.02179680602937719,0.012014797577531919,-0.009320208186160445,0.0630909395956602
2010-04,0.0365012018234159,0.026015129211020116,-0.027255842121492888,0.0199991206142236
2010-05,-0.001755926332613969,0.003283617536952388,0.027044524342535278,-0.0789101001260534
2010-06,-0.026060118521295833,-0.015191819357151942,0.00958600836890372,-0.0555366964372321
2010-07,0.002234788256997286,0.010524607137260993,-0.007944855853170008,0.0691271009683365
2010-08,-0.03548563668453257,-0.015601007407550015,-0.009032732549664718,-0.0476787268701206
2010-09,0.036243421370011214,0.0075837018196386885,0.007496506952242785,0.0954493928207339
2010-10,0.007900565973336403,-0.004489167627222963,0.004543432125642059,0.0387114649053923
2010-11,0.041055250729257683,0.016490685802283706,0.003052677759637773,0.0059617318079409
2010-12,0.004543056022037306,0.02961726223193746,-0.03739685663033903,0.0681762010483074
2011-01,-0.01651459171648019,0.009455909120457148,0.008137481240801474,0.0198585123766359
2011-02,0.013416190579266171,0.014798595529421837,-0.01901268656687158,0.0348568293474834
2011-03,0.018492404427470566,0.00016566439720253415,-0.006875818689319557,0.0044537119794791
2011-04,-0.00870078332265383,-0.00969291785214169,0.014457593696540507,0.0290056714685167
2011-05,-0.014647601613694364,-0.013755586608984063,-0.004197691676648678,-0.0126713127766324
2011-06,0.0036599171429564856,-0.009451966353738135,0.02584708424758369,-0.0173811241816932
2011-07,-0.018391190588784804,-0.019536052861028528,0.011766323243122937,-0.0235348498252825
2011-08,-0.03677517033324561,-0.0008681243292508606,0.030429396033826203,-0.0598181177095916
2011-09,-0.04791054226134821,0.004779557276938157,-0.00946852372523567,-0.0756976128565591
2011-10,0.046430942533853006,-0.013224437593054209,0.016689834207124762,0.1133624214570834
2011-11,-0.014105409513592114,0.015320842136354096,0.007135868610687506,-0.0027932075883305
2011-12,0.0006649425302465769,0.023698835281604425,0.004730149525279877,0.0074039428718856
2012-01,0.02634815894727912,-0.009951397631082229,-0.008979511747847141,0.0505301481572698
2012-02,-0.013054012247730472,-0.006181493165440241,-0.0006656442148184061,0.0442037746934396
2012-03,0.004768797535899989,0.013035728516221702,0.013533622834204286,0.0312161352539749
2012-04,-0.012782795766765963,0.005011518548563058,0.008999617280939417,-0.0085050178156496
2012-05,-0.01181217964692445,0.031718632111204216,0.017432488471556686,-0.0617531707900639
2012-06,0.012950862344444557,0.009784152763769455,-0.019540948665151055,0.0389432802451997
2012-07,-0.029488852124211075,0.01269593079138622,0.020295369325685285,0.0079001498497128
2012-08,0.014103518999180643,-0.009092663140706878,-0.002639369782335397,0.0254384443998197
2012-09,0.01297001756593125,0.010360007205657152,0.002283398845068056,0.0272768601793978
2012-10,-0.0011316993751136414,0.019570492973808275,0.0011266828746657291,-0.0175852566166099
2012-11,0.0013626388461288764,0.010143414913294296,0.018009821636131688,0.0077514240681229
2012-12,0.02341984042267046,-0.00721612914550477,-0.02143159171275175,0.0117572078553859
2013-01,0.0013744572687490186,0.013402980288979266,-0.017444224705753762,0.0557111813978967
2013-02,-0.005273666685525601,0.008526113753808505,-0.001038386526413729,0.01291198569651
2013-03,0.009744676470531143,0.01610562247200379,0.003276261446167064,0.0403810503739415
2013-04,-0.028271732984878645,-0.0002668126782805827,-0.009585977789289551,0.0155730964337711
2013-05,0.03769040360645365,-0.01263500403762428,0.001187013242673441,0.0280443468996225
2013-06,0.0064195001040848335,0.0021126905929898746,-0.005640757277718386,-0.0119053971373848
2013-07,0.018634075505234347,0.006854851985808819,-0.005560076243818213,0.0564442385147366
2013-08,-0.0018061170701203222,-0.02070694443138156,0.008479342229654602,-0.027027375360805
2013-09,0.02047560268894255,-0.005892991644276618,-0.011001593400984541,0.03767831312852
2013-10,-0.018587362561663233,0.007205821044834089,0.013592193253320083,0.0417343524847682
2013-11,0.019045148846929205,-0.00011928816229056505,0.01594573554957066,0.0312313733731581
2013-12,-0.001544456738834788,0.0022523233539205045,0.0008556982217563618,0.0280679648040261
2014-01,0.0012018181984774293,-0.014298791300456384,-0.032536192031896505,-0.0331647365556779
2014-02,-0.002278125187226379,-0.01075321822493381,-0.014156166548330913,0.0465286778124958
2014-03,-0.000923562195912228,0.03476680236952261,0.01816904818706314,0.0043255156514288
2014-04,-0.049319269839709697,0.014346474297497306,0.01141327271988772,-0.0018572864489889
2014-05,-0.024143361476644386,-0.00919742129048243,-0.0014499580649776495,0.0205653033560741
2014-06,0.022273987981696594,-0.026364438394268795,-0.025001661670313712,0.0261229555548454
2014-07,-0.034707625813189744,0.010236323295459461,0.018923834525985436,-0.0203828887976631
2014-08,0.008244324910029348,-0.00448500810352493,0.007668861449901601,0.0423156189914352
2014-09,-0.03065459938077042,-0.0062440288172981445,0.0288640996478974,-0.0196564228623408
2014-10,0.04012370187053458,0.009714554912417541,0.025007989989993384,0.0251143017684981
2014-11,-0.01736862977388821,0.006744467204653916,0.025276397785166986,0.0255202927392538
2014-12,0.031767266708395095,0.008406816285451948,-0.006082277335445115,-0.0005747386758259
2015-01,-0.01708056487179477,-0.011500079449798747,0.0002011853939438632,-0.0310132099203206
2015-02,0.0034710739838394455,-0.02470374659664145,9.84376632321704e-05,0.0612793340516291
2015-03,0.03155780281684048,-0.005765864859440328,0.0071125176903167955,-0.0110406079099439
2015-04,-0.040123630038729714,-0.005134877608576121,-0.023585479080853004,0.0059018119484109
2015-05,0.0192223389024905,-0.012035068542381717,0.01102602126867082,0.013626331520287
2015-06,0.028022495984077987,-0.02732784757375765,0.014249318241698936,-0.0152519900957891
2015-07,-0.04329289533390682,-0.038308897108990235,0.04237549666404565,0.015525664985763
2015-08,0.005746191793059671,0.016957184959099182,0.013010491505231904,-0.0602231109736765
2015-09,-0.03086440012483027,0.0011551538366604691,0.04322318301256462,-0.0306047186956428
2015-10,-0.03279741026963112,-0.0007194362482165206,-0.02382870311761788,0.0774926392256745
2015-11,0.03422695203528532,-0.011710475024931926,-0.014884931467424182,0.005681872726478
2015-12,-0.0219111698264603,-0.009726507067533724,0.02649537512223525,-0.0216331701470621
2016-01,-0.03115470583261519,0.03023511048731725,0.05653504109535128,-0.0575676797743622
2016-02,0.011716906333390696,0.024031331637649173,0.022199353852578558,-0.0007198926968528
2016-03,0.007840591311810474,-0.005567016340116804,-0.023241987378209303,0.0695024881866914
2016-04,0.0018398640816109056,0.007805073554974406,-0.0702699611469706,0.0090783783707889
2016-05,-0.009366605835473659,-0.028943115618399542,0.004705501861782995,0.0177393840139142
2016-06,-0.0002814554648403146,0.01117199081381127,0.004102878532748835,-0.0004530646543293
2016-07,0.022901517899146587,-0.020236274319106226,-0.007393107300853685,0.0395254243079187
2016-08,0.01838252925389046,-0.007419049520834749,-0.011381364599115734,0.0048759082495471
2016-09,0.006976488294469925,0.0004487195991632678,-0.03189289391849566,0.002613878726828
2016-10,-0.03526583535336439,0.009677485543467229,0.025229652686271933,-0.0201871597167682
2016-11,0.07059872494340463,0.03160035661770196,-0.012225241755118757,0.0486649122384962
2016-12,0.004626476822909179,0.000924938357102615,0.018796425972347788,0.0181195731114199
2017-01,-0.01525497844403257,-0.021294481196566642,-0.009208608581268965,0.0193031577286401
2017-02,-0.01367604334682831,-0.01858436557840207,0.015988047195984345,0.0355628066087171
2017-03,0.010892246578988754,-0.014240723196880366,0.01652225694523021,0.0017223237998716
2017-04,0.0035458106618044393,-0.014143054875861386,0.013708910733173237,0.0108005280536323
2017-05,-0.02951425550028633,-0.016960105507581882,0.012610999818500248,0.0106159290574594
2017-06,0.03125368699937062,-0.008542382258487599,-0.013498340772408933,0.0079657282311954
2017-07,-0.013253113824335697,-0.0025401405923326237,0.017003754618638508,0.0187449559782356
2017-08,-0.017195106303642325,-0.026638311627569244,0.004393085139146557,0.0016922559101124
2017-09,0.048511803869086934,0.02602300109167588,0.0013949410031763865,0.025087912946201
2017-10,-0.00995402525131653,-0.025893804577552845,0.027125927405033383,0.0224676611073979
2017-11,0.0017216374836219774,0.0010240152076191923,0.025137512332570354,0.0312652260452607
2017-12,-0.005978139143715108,0.01504263950014956,0.0019953267736116456,0.0105537010206777
2018-01,-0.032930768204931654,-0.017561334108777228,-0.01201253712654525,0.0556550936883866
2018-02,0.00036610379409435234,-0.025537597130761484,-0.009551007536508761,-0.0364645862567208
2018-03,0.02895697925551266,0.003505121036355751,0.0011500209969076015,-0.0233945101851097
2018-04,0.008059674752910922,0.007983026323724983,0.0001486026219015349,0.0028253583038199
2018-05,0.04874924750019319,-0.01623246116340791,-0.011081191832184673,0.0265332208437387
2018-06,0.002908480452599253,-0.0016560251220845007,0.008602051787116724,0.0048654826574647
2018-07,-0.01173860958634456,0.008559663074482422,0.02196032048847553,0.0320176283559409
2018-08,0.010659477643812226,-0.024288077730504322,-0.006216509281604318,0.0344384460189255
2018-09,-0.024112942652880078,0.015931360943593226,0.010082532542512256,0.0006422194605571
2018-10,-0.04600664301135146,0.0449536738352794,0.013882910683308936,-0.0765576584956842
2018-11,-0.00943002713241862,-0.009995082089282736,0.00022291951413476972,0.0170814316960798
2018-12,-0.03281855393346152,-0.00571116625913598,0.01556003186953242,-0.0954935507883468
2019-01,0.022364473943077334,-0.00851320007243235,-0.03618645512027327,0.0839406337027833
2019-02,0.009811821940932212,-0.027501225351216543,0.0023057081744708025,0.0339005653888275
2019-03,-0.03462478733294362,-0.0024521471859881463,0.004493496222179082,0.0110181711445717
2019-04,-0.0012850119630126965,-0.02147754924117981,0.017849450629786965,0.0396237405855428
2019-05,-0.016606978442519002,0.012318782723988939,0.010684111681650815,-0.0691651591688356
2019-06,0.0013119928934544195,0.0006693785390029933,0.0059074040783372445,0.0692486952388192
2019-07,-0.017550404106208266,0.003013054823143142,0.005418177077144277,0.0121959982628304
2019-08,-0.040498993205716885,-0.011461574808718109,0.0206682109014013,-0.0256216471120104
2019-09,0.013413782155171564,0.03530232691166218,0.019525245768300576,0.0141642801770295
2019-10,0.008589238764945745,-0.008572887481140427,0.016462959204125164,0.020522687779534
2019-11,0.0008684540985855541,-0.01177110622236651,-0.01332420434715751,0.0386435807096453
2019-12,0.013581209571689273,0.013893226018782422,-0.014488124083180912,0.0276691108618762
2020-01,-0.053014216706119346,-0.02686494042211969,-8.815163761752981e-06,-0.0010646285713746
2020-02,-0.008827440456656885,-0.02515314039400618,-0.00453096804175615,-0.0813030768192911
2020-03,-0.08495712578943712,0.013637113583447241,0.0433457158437166,-0.1337380335668948
2020-04,0.03176137132952234,0.006672899372864638,-0.01302909453612694,0.1361271842072181
2020-05,0.020633051426625887,-0.045012534006551454,-0.004440853964831723,0.0558016831513054
2020-06,0.017520880060075253,0.0019242678538940253,0.0053017149525021665,0.0245808030060934
2020-07,-0.016390701243672465,-0.005663131539378079,0.035624580900830094,0.0576881976680318
2020-08,-0.015742311795123066,-0.027427846999400936,-0.0012091068593571008,0.0762756812778918
2020-09,0.0016766785511693263,-0.02691608755815084,-0.0003585723579794253,-0.0363378871682236
2020-10,0.03042895395395296,0.0007378185005500683,-0.02413812606180423,-0.0209505868454428
2020-11,0.04450118884288409,0.023522777609870982,-0.13540937588388885,0.1246185349943055
2020-12,0.042764418254845914,-0.022031378058925646,-0.03258684898728558,0.0461821417315771
2021-01,0.07717747656070083,0.05671989883345561,-0.011889662763630585,-0.0005520546088156
2021-02,0.04457510846068324,-0.0027154501246526436,-0.04697676103391611,0.0279612287974026
2021-03,-0.007319493072984667,0.04887474623482803,0.03863754339929991,0.031376443465482
2021-04,-0.027561974118292636,-0.02940320271195232,0.023871072092900597,0.0493812360387678
2021-05,0.02151475440030649,0.044099229406679305,0.01817724872574909,0.0029013914312112
2021-06,-0.003593732709148891,-0.033887433910985185,-0.009529410480629434,0.0273477127921261
2021-07,-0.03524388069118246,-0.011248258303819344,0.07097110159641945,0.0132049961153708
2021-08,-0.006745291835337806,-0.02234645157018931,0.013072006391496744,0.0294393464794419
2021-09,0.012312148319075105,0.030853242330661824,-0.016224878585493097,-0.0439317705017305
2021-10,-0.015969763962515947,-0.028435057318787683,0.033793897696415734,0.0662841526505055
2021-11,-0.006987204295624341,0.009515116538794062,0.08355744798677076,-0.0157236528741893
2021-12,-0.004405407842844718,0.05425556952852829,0.029779741335599165,0.0320343490945355
2022-01,-0.033571948340914176,0.10367781587170115,0.012424553109415717,-0.0617831452411906
2022-02,0.030996770933490524,0.034429285823645614,-0.02390341599383071,-0.0228141798213674
2022-03,-0.02095417755478333,0.03136263875534569,0.0006272431707722986,0.0306888163232834
2022-04,0.005109079770508604,0.060461165616151946,0.031462396423634825,-0.0941674709683939
2022-05,0.010860507872675552,0.05741636243724302,0.013175940424412596,-0.0034870682205188
2022-06,0.008700456882683824,-0.05881731570074311,0.01234566952360766,-0.0840258490686854
2022-07,0.006099482196381428,-0.06081997243164351,-0.0077514218316692,0.0956772739923069
2022-08,0.014572656181547454,0.020078348285726178,-0.03439386906945344,-0.0376627461755687
2022-09,-0.008821317184231653,-0.0008893254716617061,0.01274992053868719,-0.0933582185569981
2022-10,0.04396678732627034,0.06529385619581088,0.05245402645951173,0.0786187307991529
2022-11,-0.015611575227102346,0.0324483094960607,0.031215953716193293,0.0465248593298161
2022-12,0.005560882173067057,0.034966884600370285,-0.00868647904699204,-0.0637438315978
2023-01,0.03688243229970063,-0.049807857903745575,-0.04025917824966316,0.0660902303713966
2023-02,0.006087783788129703,-0.015979127103484956,0.025413102434927122,-0.0256575735791255
2023-03,-0.07807806530804864,-0.025905783074990522,0.011321468407249404,0.0246753861035083
2023-04,-0.017112609057292873,0.02114339074069616,-0.010307335876727781,0.0061503570515278
2023-05,-0.013236686423872457,-0.0649158499224346,-0.006277594601599028,0.0033870013964241
2023-06,0.022088830352569852,-0.011217637677902459,0.03844896210894546,0.0645962574634267
2023-07,0.020968577939278192,-0.00152653973338112,-0.005581215471540342,0.0320339773887652
2023-08,-0.024209436838275752,-0.015755196205689773,0.05154810887401619,-0.0235684637962955
2023-09,-0.0007382661841592031,0.0009056462116401251,0.027435509687334297,-0.0523649254529601
2023-10,-0.03222505686302471,-0.003553125102881166,0.042582695147599374,-0.031522770413191
2023-11,-0.006594018413944094,-0.0372649582219296,-0.03770967100575791,0.0887354836190852
2023-12,0.053935873313165614,-0.010782596404856987,-0.04105298369507786,0.0485726669840476
2024-01,-0.04392214283288661,0.004910013213377107,0.03440262892405624,0.0072870189277234
2024-02,0.003967491079757052,-0.021881470071389846,0.0026201972224805248,0.0506942979288906
2024-03,-0.005139107672410211,0.009031112548162298,0.011130111115156917,0.0283749761039464
2024-04,-0.022779223366911468,-0.0012291804734570616,0.01663353324207597,-0.046589425079473
2024-05,0.022171378859140344,-0.005487323368529244,0.03592214231249723,0.0433365045990676
2024-06,-0.04379910867570125,-0.007266787626642325,0.029795473700865025,0.0278308150857223
2024-07,0.08051783100877327,0.0063735265784041,-0.00034181673854555977,0.0122746573807727
2024-08,-0.030270127534392302,0.00809983784655239,0.02318568713080244,0.0161842543085694
2024-09,-0.012253166599137218,-0.0030590428086523618,0.010781077185200313,0.0174532730819251
2024-10,-0.009924748300956814,-0.011680310334034258,0.0008419197702174185,-0.0097354387774021
2024-11,0.04446307401659222,-0.05546902778961578,-0.008292504661217184,0.0647466272150658
2024-12,-0.049117419349471086,-0.008019714911066629,-0.009531338385656299,-0.0317838876657784
